ID,Topic,Question,Proposed answer (if no decision),Related requirements,Who answers,Status,Answer,Answered by,Date answered (DD-MM-YYYY)
Q-01,Sharing,"Your team uploads on laptops but you mostly check on your phone, and Reach saves nothing. How would you like to see a report your team made: a PDF they send you, or uploading the CSV on your phone yourself?",Team saves the report as a PDF and sends it,RC-23,Kavya,Answered,"No PDF in this release; RC-23 is Won't (parked). Kavya uploads the same CSV on her phone herself, so the report must work on a 360 px wide screen.","Rohan, after discussing with Kavya",28-09-2026
Q-02,Timeline,"What is the date of your first client review, and what must be ready by then?",,All stories,Kavya,"Open with Kavya: planning only, doesn't block the requirements",No fixed date yet. Every Must story must be ready for the first client review; Should stories only if there is time.,"Rohan, after discussing with Kavya",28-09-2026
Q-03,Top and bottom posts,"Should the top 3 and bottom 3 posts mix Instagram and YouTube together, or show a separate top 3 and bottom 3 for each? In the bakery sheet, YouTube rates are lower, so 2 of the bottom 3 are YouTube posts.",Instagram and YouTube together,"BR-16, RC-19, RC-20",Kavya,Answered,Both platforms together.,"Rohan, after discussing with Kavya",28-09-2026
Q-04,Giveaways,"The giveaway post (row 18) has 1,840 comments, so its rate is 55.9% and it comes out as the top post. Should giveaway posts be marked, left out of the top 3, or treated like any other post?",Treated like any other post,"BR-15, RC-19",Kavya,Answered,"Leave the giveaway in the top 3. Reach ignores Notes, so it can't tell a giveaway from any other post. Kavya will explain it to her client.","Rohan, after discussing with Kavya",28-09-2026
Q-05,Grades,"When a rate is exactly 6%, 3% or 1%, does it get the higher grade? For example, is 6.0% an A or a B?","Higher grade: 6.0% = A, 3.0% = B, 1.0% = C","BR-04, RC-15",Kavya,Answered,"Yes. Each band includes its lower edge: 1.0% is C, 3.0% is B, 6.0% is A, 10.0% is A+.","Rohan, after discussing with Kavya",28-09-2026
Q-06,Grades,"Rates are shown to one decimal. Is it OK to grade on the number shown? For example, 2.98% shows as 3.0% and gets a B, not a C.",Grade on the number shown,"BR-05, RC-15.9",Kavya,Answered,"Yes. Round to one decimal, half up, then grade the rounded figure: 2.98% shows as 3.0% and gets B.","Rohan, after discussing with Kavya",28-09-2026
Q-07,Missing numbers,"If a Likes, Comments, Shares or Views cell is empty or has ""-"" (as in rows 11 and 19), should Reach count it as 0, or list it as a row to fix?",List it as a row to fix,"BR-12, RC-04",Kavya,Answered,"In Shares and Saves, a blank, NA, N/A or ""-"" counts as 0. In Views, Likes and Comments, a blank is an error and the row is skipped.","Rohan, after discussing with Kavya",28-09-2026
Q-08,Duplicate posts,"If the same post (same date, platform and caption) is entered twice with different numbers, which row should count: the first one or the later one?",First one counts; the later one is listed to check,"BR-13, RC-09",Kavya,Answered,"Only exact copies are duplicates. The later copy is skipped with the message ""same as row 12: counted once"" (with the earlier row's number). Rows with different numbers count as separate posts; the team will keep one row per post.","Rohan, after discussing with Kavya",28-09-2026
Q-09,Client view,"Will your clients see the report on screen, or only a PDF? Should the list of rows with mistakes be hidden from them?",Clients see only the PDF; mistake lists are hidden,RC-23,Kavya,Answered,"Clients see the report on Kavya's screen. No PDF. Keep the list of skipped rows, below the report card.","Rohan, after discussing with Kavya",28-09-2026
Q-10,Dates,"Besides DD-MM-YYYY, is it OK for Reach to accept dates like 21/9/26 and 2026-09-06, which Excel sometimes creates?",Accept both,"BR-09, RC-05",Kavya,Answered,"Accept YYYY-MM-DD. Refuse two-digit years with the message ""date: use a 4-digit year, like 21-09-2026"".","Rohan, after discussing with Kavya",28-09-2026
Q-11,Grades,"How many posts must a platform have in a month before it gets a grade? For example, should one YouTube video be enough?",One post is enough,RC-14,Kavya,Answered,"Yes, one graded post is enough for a platform grade.","Rohan, after discussing with Kavya",28-09-2026
Q-12,File size and speed,"What is the most posts one client might have in a month? Which laptop does your team use? Is a report within 2 seconds for a 1,000-row file good enough?","Up to 1,000 rows and 1 MB; report within 2 seconds","NFR-05, NFR-06",Kavya,Answered,"5 MB and 10,000 rows. A 10,000-row file shows its report card in under 3 seconds on Reach's test laptop, in the latest Chrome.","Rohan, after discussing with Kavya",28-09-2026
Q-13,Devices,"Which browsers and phones do you, your team and your clients use?",Chrome and Edge on laptops; Chrome on Android; Safari on iPhone,NFR-08,Kavya,Answered,"Latest Chrome on Windows and Android, Edge, and Safari on macOS and iOS. Phones down to 360 px wide.","Rohan, after discussing with Kavya",28-09-2026
Q-14,Reach,"Should the Dashboard's engagement rate later change to Kavya's formula, (likes + comments + shares + saves) ÷ views, so that Reach has one definition?",Keep the Dashboard as it is for now,Impact on Reach,Rohan,Answered,Not in this release. The Dashboard stays as it is; the report card shows its own formula. Logged as a later decision (D-01).,Rohan,28-09-2026
Q-15,Notes,"Should the Notes column (for example ""Giveaway"" or ""Boosted ₹500"") still appear next to posts in the top 3 and bottom 3, or be hidden completely? It never changes a grade either way.",Show it next to the post,"BR-15, RC-19.3",Kavya,Answered,Hide Notes completely. Reach ignores the Notes column.,"Rohan, after discussing with Kavya",28-09-2026
Q-16,Dates,"Is it OK for Reach to accept dates with slashes, like 03/09/2026 (row 4), and single-digit days or months, like 3-9-2026? They'd always be read day first.","Accept both, read day first","BR-09, RC-05.1",Kavya,Answered,"Yes. Accept 03/09/2026, 3/9/2026 and 3-9-2026: day first, one or two digits for day and month, the same separator used twice, and a 4-digit year.","Rohan, after discussing with Kavya",28-09-2026
Q-17,Messages,"The two new messages you gave (""same as row 12: counted once"" and ""date: use a 4-digit year, like 21-09-2026"") use a lowercase ""field: problem"" style. The other messages are full sentences. Should all messages follow one style?",Use your two messages word for word; keep the others as they are,Field spec,Rohan,Answered,One style: full sentences. The two messages are rewritten to match.,Rohan,28-09-2026
Q-18,File size,"Does the 10,000-row limit count blank rows?","Count every row after the header, blank rows included","NFR-06, RC-02.8",Rohan,Answered,"No. Blank rows don't count towards the 10,000-row limit.",Rohan,28-09-2026
Q-19,Speed,"Which model and spec is Reach's test laptop, so testers can check the 3-second target on the same machine?",,NFR-05,Rohan,Answered,"A typical office laptop: Windows 11, Intel Core i5, 8 GB RAM, latest Chrome. Testers note the exact machine in their test report.",Rohan,28-09-2026
